vehicle_id,vehicle_type,mileage_km_per_liter
1001,Van,10
1002,Van,12
1003,Truck,14
1004,Truck,7
1005,Van,14
1006,Truck,10
1007,Van,7
1008,Van,9
1009,Truck,12
1010,Van,11
1011,Van,9
1012,MiniTruck,12
1013,Truck,7
1014,Van,10
1015,Truck,8
1016,MiniTruck,12
1017,Truck,13
1018,MiniTruck,14
1019,Truck,14
1020,Truck,8
