vehicle_id,maintenance_cost
1001,13499
1002,17176
1003,19433
1004,5547
1005,11761
1006,3487
1007,18477
1008,13716
1009,17018
1010,6069
1011,7540
1012,4340
1013,13981
1014,9210
1015,13248
1016,6955
1017,8991
1018,8141
1019,8825
1020,10636
